{"expression_stats": {"min": 0.0, "max": 158.0, "mean": 0.21283033468756046, "std": 1.6917677094175434, "sparsity": 0.918071967498549}, "cell_type_distribution": {"B": 61, "NK": 60, "DC": 10, "CD4 T": 82, "Monocyte": 78, "CD8 T": 9}, "gene_stats": {"JUN": {"mean": 2.0533333333333332, "std": 2.4407284887007723, "zeros": 91}, "CTSS": {"mean": 1.2233333333333334, "std": 2.4886654165547357, "zeros": 162}, "S100A10": {"mean": 1.4666666666666666, "std": 3.6745370078721784, "zeros": 122}, "S100A11": {"mean": 1.1333333333333333, "std": 1.6898389140848769, "zeros": 157}, "S100A9": {"mean": 5.253333333333333, "std": 13.620664039939056, "zeros": 206}, "S100A8": {"mean": 2.74, "std": 7.803358251419706, "zeros": 228}, "S100A6": {"mean": 2.95, "std": 3.9699916036854956, "zeros": 80}, "S100A4": {"mean": 5.163333333333333, "std": 6.012486082219973, "zeros": 66}, "FCER1G": {"mean": 1.0, "std": 2.0720360357226735, "zeros": 199}, "FCGR3A": {"mean": 0.31666666666666665, "std": 1.2998931580026962, "zeros": 259}}}