{
  "expression_stats": {
    "min": 0.0,
    "max": 11.380422155603029,
    "mean": 1.5666732350804944,
    "std": 2.136871416817238,
    "sparsity": 0.3648
  },
  "cell_type_distribution": {
    "B": 17,
    "CD8 T": 12,
    "NK": 12,
    "DC": 5,
    "CD4 T": 41,
    "Monocyte": 13
  },
  "gene_stats": {
    "CD3D": {
      "mean": 1.9705610098869182,
      "std": 2.4459366250115417,
      "zeros": 43
    },
    "CD3E": {
      "mean": 2.8428820233202567,
      "std": 2.9022379557788662,
      "zeros": 36
    },
    "CD3G": {
      "mean": 0.5445809947760891,
      "std": 0.5578900234121423,
      "zeros": 35
    },
    "CD4": {
      "mean": 2.9752374306224705,
      "std": 3.171570658458756,
      "zeros": 26
    },
    "CD8A": {
      "mean": 3.519214382211381,
      "std": 3.1157603090242625,
      "zeros": 36
    },
    "CD8B": {
      "mean": 0.8672833496296235,
      "std": 1.5180125696129128,
      "zeros": 40
    },
    "CD19": {
      "mean": 1.350454813254817,
      "std": 2.0945225223142088,
      "zeros": 38
    },
    "CD79A": {
      "mean": 2.3325235079654747,
      "std": 2.221849999912453,
      "zeros": 33
    },
    "CD79B": {
      "mean": 0.9338952328968122,
      "std": 1.7296442703988983,
      "zeros": 47
    },
    "MS4A1": {
      "mean": 0.7856387014930236,
      "std": 1.8061108553049077,
      "zeros": 54
    }
  }
}